customer_hash,R,F,M,cluster_id,cluster_name
4327e42f,993,1,50.43,1,Lapsed one-time
2e6b0c6f,833,1,86.34,1,Lapsed one-time
41a8cb5a,248,3,600.34,2,Loyal core (repeat buyers)
32308b62,5,1,81.68,0,Recent one-time
94b5e37f,871,1,34.45,1,Lapsed one-time
a3a074d8,489,3,197.93,2,Loyal core (repeat buyers)
90c8fdea,67,1,82.81,0,Recent one-time
af4430bc,216,1,92.14,0,Recent one-time
a452072f,114,3,338.51,2,Loyal core (repeat buyers)
05632083,1046,1,51.95,1,Lapsed one-time
bd3eb008,682,1,36.44,1,Lapsed one-time
666d5568,1028,1,7.59,1,Lapsed one-time
b967e70c,48,2,138.54,2,Loyal core (repeat buyers)
bf7b29f8,222,1,76.15,0,Recent one-time
210fde4a,63,1,56.32,0,Recent one-time
9c1733f0,275,1,55.99,0,Recent one-time
15f9d00a,238,1,109.26,0,Recent one-time
8b9c614a,754,1,33.79,1,Lapsed one-time
8bff0695,554,1,54.05,1,Lapsed one-time
a7ec1c5c,547,1,170.41,0,Recent one-time
2b2ae543,1068,1,64.34,1,Lapsed one-time
e34d362a,752,1,100.27,1,Lapsed one-time
a7e14bf4,28,1,84.99,0,Recent one-time
6d797469,618,1,88.94,1,Lapsed one-time
c96b735c,727,1,68.52,1,Lapsed one-time
4016aec3,45,1,85.19,0,Recent one-time
378414ec,282,1,82.17,0,Recent one-time
640d5548,636,1,84.61,1,Lapsed one-time
f200dfda,826,1,44.53,1,Lapsed one-time
a584d651,930,1,87.34,1,Lapsed one-time
35561c3b,175,1,128.34,0,Recent one-time
099a508d,339,1,82.38,0,Recent one-time
a88e7bef,1090,1,70.35,1,Lapsed one-time
3fb397fa,379,2,210.25,2,Loyal core (repeat buyers)
7e98d99a,895,1,81.54,1,Lapsed one-time
0847e9ed,853,1,95.42,1,Lapsed one-time
719ec764,633,1,54.42,1,Lapsed one-time
c47850a6,1046,1,64.94,1,Lapsed one-time
65826810,210,1,80.23,0,Recent one-time
75c4cac8,917,1,48.98,1,Lapsed one-time
27bcdd2e,535,1,54.67,1,Lapsed one-time
a8d8bff9,524,2,142.84,2,Loyal core (repeat buyers)
58c0cfd8,944,1,42.39,1,Lapsed one-time
383e67dd,556,1,150.26,0,Recent one-time
97970f7f,1054,1,66.14,1,Lapsed one-time
cf3d7a02,136,1,38.1,0,Recent one-time
6898fc84,996,1,43.24,1,Lapsed one-time
7ff7480c,531,1,55.12,1,Lapsed one-time
471ce4cb,817,1,103.39,1,Lapsed one-time
a4cf3003,272,1,77.77,0,Recent one-time
88c548c8,329,1,644.86,0,Recent one-time
ac17bd02,77,1,67.39,0,Recent one-time
02eac570,216,1,53.36,0,Recent one-time
00f1d0fa,408,1,95.15,0,Recent one-time
8590d2d0,115,1,30.65,0,Recent one-time
3f9faa5d,331,2,132.86,2,Loyal core (repeat buyers)
1a1eb7b2,206,1,74.48,0,Recent one-time
226ee570,569,1,55.5,1,Lapsed one-time
ae10ed6e,84,1,165.49,0,Recent one-time
d3ef6425,813,1,57.71,1,Lapsed one-time
9ba64702,169,1,43.12,0,Recent one-time
73e89be3,1064,1,48.32,1,Lapsed one-time
d609d63c,554,1,54.2,1,Lapsed one-time
6a74d544,245,1,74.27,0,Recent one-time
4f2fc901,190,1,54.39,0,Recent one-time
20ef2302,570,1,49.39,1,Lapsed one-time
f50cd772,576,2,148.36,2,Loyal core (repeat buyers)
c44aabbf,332,1,80.47,0,Recent one-time
cdffc1b1,326,1,89.48,0,Recent one-time
46643585,564,1,35.05,1,Lapsed one-time
ed618e60,557,1,140.36,0,Recent one-time
cc90192d,529,2,114.81,2,Loyal core (repeat buyers)
e5e48d78,70,1,55.42,0,Recent one-time
4ef9ba79,137,1,165.54,0,Recent one-time
3633d751,840,1,48.14,1,Lapsed one-time
59e814e8,285,1,98.74,0,Recent one-time
89016986,283,1,96.17,0,Recent one-time
194eb2aa,259,1,84.94,0,Recent one-time
8ef2ed8d,1039,1,108.28,1,Lapsed one-time
2bfcf20f,197,1,97.49,0,Recent one-time
0e915de1,471,2,110.0,2,Loyal core (repeat buyers)
d7d541cc,74,1,101.21,0,Recent one-time
ad62a794,158,1,130.5,0,Recent one-time
85195264,180,2,142.98,2,Loyal core (repeat buyers)
f3d4094b,582,1,34.25,1,Lapsed one-time
4b0ec8c8,920,1,49.6,1,Lapsed one-time
84b3803d,591,1,124.33,0,Recent one-time
4dfb3d13,1043,1,51.04,1,Lapsed one-time
a9811407,573,1,33.79,1,Lapsed one-time
9c2744b6,881,1,46.76,1,Lapsed one-time
2b3622a2,295,1,53.75,0,Recent one-time
e970f862,3,1,32.24,0,Recent one-time
e83653e4,613,1,81.16,1,Lapsed one-time
6971713f,683,1,87.16,1,Lapsed one-time
3ae1bfa9,79,1,116.62,0,Recent one-time
5466a64f,911,1,85.28,1,Lapsed one-time
d23e4a21,906,1,54.42,1,Lapsed one-time
d82d8aff,159,1,51.16,0,Recent one-time
1f98d25c,461,1,181.33,0,Recent one-time
6b448ba5,1089,1,50.85,1,Lapsed one-time
f50361a8,942,1,137.05,1,Lapsed one-time
34bfd133,545,1,54.23,1,Lapsed one-time
b92befce,125,1,74.56,0,Recent one-time
9bad00cb,399,1,55.5,0,Recent one-time
b4c4e9dd,170,1,45.88,0,Recent one-time
b8320362,171,1,28.27,0,Recent one-time
323e63de,885,1,115.13,1,Lapsed one-time
3d2298d8,278,1,86.41,0,Recent one-time
d02a3e60,966,1,44.08,1,Lapsed one-time
67919eae,603,1,86.28,1,Lapsed one-time
20323ca0,875,1,47.62,1,Lapsed one-time
9ecf7f61,906,1,142.28,1,Lapsed one-time
718b3bed,527,1,55.29,1,Lapsed one-time
bc049425,44,1,81.07,0,Recent one-time
2c864930,490,1,77.25,0,Recent one-time
c206256a,77,1,42.29,0,Recent one-time
c20b2cd6,624,1,49.71,1,Lapsed one-time
782e8c28,603,1,149.36,0,Recent one-time
e5087c3c,597,1,52.69,1,Lapsed one-time
6159a697,105,1,42.18,0,Recent one-time
0b69762e,389,3,161.16,2,Loyal core (repeat buyers)
84814e4e,20,2,289.71,2,Loyal core (repeat buyers)
dd979fcb,26,1,76.07,0,Recent one-time
9c9ea7b9,223,2,213.83,2,Loyal core (repeat buyers)
403fc7ae,563,1,52.99,1,Lapsed one-time
7999e8c5,255,1,96.74,0,Recent one-time
73154003,826,1,60.21,1,Lapsed one-time
31e666a8,157,1,56.27,0,Recent one-time
675f8b39,1041,1,57.33,1,Lapsed one-time
c46d63eb,1019,1,51.35,1,Lapsed one-time
fe35d549,290,1,92.48,0,Recent one-time
181bb625,1018,1,105.28,1,Lapsed one-time
111e2a04,986,1,47.05,1,Lapsed one-time
5d3af2d1,1023,1,43.82,1,Lapsed one-time
2cbfc859,260,1,128.97,0,Recent one-time
bb6cc698,198,1,89.32,0,Recent one-time
0f0b47c1,403,1,81.56,0,Recent one-time
d6ab5a3a,96,1,30.77,0,Recent one-time
1d65be2c,962,1,56.84,1,Lapsed one-time
2e2866ba,27,1,35.43,0,Recent one-time
b364d412,603,1,35.36,1,Lapsed one-time
db4dbd05,207,1,131.68,0,Recent one-time
b000c997,241,1,50.13,0,Recent one-time
1fd313bb,287,2,234.55,2,Loyal core (repeat buyers)
087b2491,263,1,79.61,0,Recent one-time
8fe66b89,556,1,55.12,1,Lapsed one-time
1a4475ae,650,1,97.25,1,Lapsed one-time
c32b4471,516,1,54.24,1,Lapsed one-time
b0c18504,147,1,95.1,0,Recent one-time
a1c34b60,400,1,56.5,0,Recent one-time
5f0e86fd,178,1,313.28,0,Recent one-time
c6c746a0,825,1,60.63,1,Lapsed one-time
c54a156a,221,1,36.9,0,Recent one-time
597ce4b6,817,1,48.92,1,Lapsed one-time
d7ce7619,821,1,80.41,1,Lapsed one-time
418dcc26,563,1,55.21,1,Lapsed one-time
f31459ff,267,1,98.74,0,Recent one-time
7ee45432,160,1,110.52,0,Recent one-time
5c2c0be8,537,1,82.62,0,Recent one-time
073b5a01,597,1,52.85,1,Lapsed one-time
c66e6e70,588,1,53.33,1,Lapsed one-time
b824dbc7,374,1,80.13,0,Recent one-time
9e14e8ca,9,1,84.99,0,Recent one-time
caaaae0c,372,1,72.57,0,Recent one-time
9bc5faa7,1074,1,117.56,1,Lapsed one-time
772faec0,559,1,34.31,1,Lapsed one-time
0e0c2fb9,779,1,85.81,1,Lapsed one-time
839d9bbc,245,2,140.39,2,Loyal core (repeat buyers)
765e0093,804,1,234.85,1,Lapsed one-time
56f1b339,457,1,78.83,0,Recent one-time
61040138,103,1,132.12,0,Recent one-time
6cc9125e,617,1,55.2,1,Lapsed one-time
8b1dbf9f,8,1,118.24,0,Recent one-time
89d43f78,123,1,128.97,0,Recent one-time
c0a86ca9,521,1,96.33,0,Recent one-time
37b6f9d5,23,1,124.92,0,Recent one-time
ccadbf6c,96,1,75.86,0,Recent one-time
9f2bc3e1,482,1,33.52,1,Lapsed one-time
3024f1a1,569,1,55.37,1,Lapsed one-time
098e9f65,156,1,46.01,0,Recent one-time
0d8bf43a,364,1,131.45,0,Recent one-time
a9f01c62,279,1,127.21,0,Recent one-time
dd3bc661,548,1,55.29,1,Lapsed one-time
2e16dc40,23,1,107.87,0,Recent one-time
c73dafeb,213,1,82.0,0,Recent one-time
66a538d1,627,1,106.94,1,Lapsed one-time
928e5850,842,1,98.2,1,Lapsed one-time
4f9ac0ed,1070,1,79.06,1,Lapsed one-time
16254bbf,594,1,54.23,1,Lapsed one-time
85befc57,402,1,145.58,0,Recent one-time
1d647a09,102,1,85.05,0,Recent one-time
dd85f51f,833,1,147.78,1,Lapsed one-time
f71800cd,620,1,34.3,1,Lapsed one-time
a53b4be2,273,1,170.07,0,Recent one-time
c88f8478,537,1,139.55,0,Recent one-time
442b8cda,807,1,52.34,1,Lapsed one-time
82d34015,552,1,54.23,1,Lapsed one-time
2914b9ce,290,1,73.95,0,Recent one-time
7147e611,33,1,85.58,0,Recent one-time
5c96f5fc,559,1,98.8,0,Recent one-time
f1cc7fdf,570,1,120.2,0,Recent one-time
25e229cc,629,1,54.2,1,Lapsed one-time
802488a8,896,1,41.39,1,Lapsed one-time
4b1bb3d6,949,1,43.32,1,Lapsed one-time
5bf9e981,243,1,54.62,0,Recent one-time
7c8c17ed,616,1,138.22,0,Recent one-time
5302306d,20,1,76.84,0,Recent one-time
19e39756,247,1,55.42,0,Recent one-time
8e144eb8,501,1,33.89,1,Lapsed one-time
dbb3da12,575,1,53.0,1,Lapsed one-time
0877ec04,635,1,108.7,1,Lapsed one-time
48511fb6,362,1,57.92,0,Recent one-time
52bd0e7b,306,1,74.68,0,Recent one-time
a0d66bc4,14,1,113.15,0,Recent one-time
b0d13803,591,1,53.08,1,Lapsed one-time
dc914fda,605,2,148.42,2,Loyal core (repeat buyers)
955deb5d,299,1,74.25,0,Recent one-time
c4611be1,1031,1,63.96,1,Lapsed one-time
6c934077,258,1,84.88,0,Recent one-time
bd43d670,173,1,93.16,0,Recent one-time
8f4270bd,242,1,84.39,0,Recent one-time
ebdf4d25,1057,1,7.59,1,Lapsed one-time
07aa8c7f,545,1,50.43,1,Lapsed one-time
4f71ee98,206,1,121.23,0,Recent one-time
8e29d5ca,588,1,139.23,0,Recent one-time
480f2607,89,1,90.44,0,Recent one-time
b271c48f,932,1,85.38,1,Lapsed one-time
5cf6fd74,625,1,34.16,1,Lapsed one-time
8baa7bba,534,1,53.61,1,Lapsed one-time
42f146ba,1039,1,53.15,1,Lapsed one-time
18f50ec3,224,1,134.72,0,Recent one-time
9d4640ec,589,1,86.95,1,Lapsed one-time
146d75e9,997,1,115.49,1,Lapsed one-time
d4cb3b9e,533,1,52.95,1,Lapsed one-time
8bf82d7d,639,1,97.48,1,Lapsed one-time
a3c0ec82,87,2,111.56,2,Loyal core (repeat buyers)
a6a79958,811,1,57.78,1,Lapsed one-time
ea637bcb,805,1,173.34,1,Lapsed one-time
dbaa0fde,631,1,107.39,1,Lapsed one-time
5c3281db,558,1,54.23,1,Lapsed one-time
884a556c,1061,1,62.94,1,Lapsed one-time
ebedac09,1065,1,14.88,1,Lapsed one-time
85ddab4e,621,1,50.18,1,Lapsed one-time
942db9f3,560,1,52.83,1,Lapsed one-time
d351572a,248,1,55.72,0,Recent one-time
faae2acf,444,3,252.79,2,Loyal core (repeat buyers)
ea292a1e,188,1,116.36,0,Recent one-time
bfd55e56,219,1,192.03,0,Recent one-time
595ad888,539,1,33.75,1,Lapsed one-time
57ae79a8,1082,1,57.66,1,Lapsed one-time
572aadee,309,1,96.17,0,Recent one-time
d0cea4c2,223,1,90.02,0,Recent one-time
7466d70a,834,1,48.76,1,Lapsed one-time
0b3c7e32,71,1,75.35,0,Recent one-time
786233f1,1003,1,58.41,1,Lapsed one-time
0c88ca7f,565,1,149.93,0,Recent one-time
d32f11e7,490,2,245.92,2,Loyal core (repeat buyers)
a8a63be9,309,1,138.37,0,Recent one-time
416a8adf,1034,1,7.47,1,Lapsed one-time
a031285c,308,1,72.39,0,Recent one-time
2c7f8bed,393,1,56.25,0,Recent one-time
eca2c09b,203,1,53.15,0,Recent one-time
b35e1b99,314,1,83.8,0,Recent one-time
3e765d8a,919,1,98.4,1,Lapsed one-time
4f3191c0,224,1,99.97,0,Recent one-time
587c2ccf,172,1,82.38,0,Recent one-time
a00d8d32,903,1,5.3,1,Lapsed one-time
56a2bc01,604,1,56.09,1,Lapsed one-time
a6e8f3c4,274,1,129.98,0,Recent one-time
68a93b43,518,1,55.84,1,Lapsed one-time
f534e809,223,6,411.99,2,Loyal core (repeat buyers)
fd94160a,998,1,116.46,1,Lapsed one-time
8cc59674,331,1,90.8,0,Recent one-time
76465d91,266,1,89.56,0,Recent one-time
531ff521,248,1,114.89,0,Recent one-time
a77a8517,549,1,54.58,1,Lapsed one-time
2497a819,191,1,132.88,0,Recent one-time
935c4bb6,504,1,53.33,1,Lapsed one-time
c5c99093,488,1,54.05,1,Lapsed one-time
369f2734,693,1,36.33,1,Lapsed one-time
213fb4cf,355,1,69.1,0,Recent one-time
b382f734,567,1,34.25,1,Lapsed one-time
4670f99f,310,1,87.81,0,Recent one-time
fca0e3a9,601,1,53.64,1,Lapsed one-time
397ea2e0,761,1,60.96,1,Lapsed one-time
26e0c8fe,852,1,42.22,1,Lapsed one-time
4b2367fd,505,1,61.36,1,Lapsed one-time
a2e5eac2,238,1,83.14,0,Recent one-time
e964a347,239,2,89.24,2,Loyal core (repeat buyers)
060d8a5d,553,1,94.9,0,Recent one-time
298b561f,272,1,52.61,0,Recent one-time
8f330c6a,511,1,55.84,1,Lapsed one-time
b798ba7a,225,1,55.8,0,Recent one-time
9e61d3b6,112,1,50.51,0,Recent one-time
7e3fa2af,496,1,127.11,0,Recent one-time
db2422a0,248,1,47.99,0,Recent one-time
62e1aa22,572,1,101.79,0,Recent one-time
baea5d28,385,2,101.93,2,Loyal core (repeat buyers)
afde609c,442,1,84.8,0,Recent one-time
76b2bdc8,375,4,369.05,2,Loyal core (repeat buyers)
36505690,151,1,79.25,0,Recent one-time
d9aee08e,839,1,48.98,1,Lapsed one-time
f433289c,20,1,31.52,0,Recent one-time
f4acf500,371,1,71.02,0,Recent one-time
8dadcdd0,58,1,33.25,0,Recent one-time
1430149e,214,2,135.46,2,Loyal core (repeat buyers)
1c530bbe,552,1,53.83,1,Lapsed one-time
d5a8a162,1001,1,103.98,1,Lapsed one-time
5a95f222,480,1,81.78,0,Recent one-time
6620e2ea,98,2,139.67,2,Loyal core (repeat buyers)
42c2e5e1,284,1,55.42,0,Recent one-time
a62b82b9,595,1,32.51,1,Lapsed one-time
9b4011a2,1035,1,83.99,1,Lapsed one-time
941d6b02,516,1,83.93,0,Recent one-time
d275c5cd,566,3,158.8,2,Loyal core (repeat buyers)
ca877d29,43,1,55.02,0,Recent one-time
87bc427a,582,1,33.77,1,Lapsed one-time
0183eea3,136,3,601.82,2,Loyal core (repeat buyers)
a2f8a93d,966,1,56.84,1,Lapsed one-time
e26e5feb,572,1,35.25,1,Lapsed one-time
d6e6496f,201,1,190.15,0,Recent one-time
a1bef29b,1029,1,87.1,1,Lapsed one-time
ff40cc62,44,2,106.33,2,Loyal core (repeat buyers)
500e9cbe,615,1,207.15,0,Recent one-time
70227403,744,1,54.05,1,Lapsed one-time
3ed17ee3,511,1,126.4,0,Recent one-time
f8ac82ff,75,1,84.21,0,Recent one-time
5b091a03,394,1,82.98,0,Recent one-time
c18a4098,918,1,48.87,1,Lapsed one-time
736ae30e,534,1,54.49,1,Lapsed one-time
15241558,7,1,126.07,0,Recent one-time
39a46916,273,1,114.86,0,Recent one-time
3886da32,721,1,54.67,1,Lapsed one-time
606f14a3,326,2,140.59,2,Loyal core (repeat buyers)
d4a2c76d,249,1,56.75,0,Recent one-time
41872365,1025,1,58.65,1,Lapsed one-time
102af32e,585,1,35.51,1,Lapsed one-time
48c16b33,1070,2,58.29,1,Lapsed one-time
bbe5a015,230,1,255.7,0,Recent one-time
3529dfeb,257,3,171.22,2,Loyal core (repeat buyers)
dbb438a5,998,1,89.63,1,Lapsed one-time
30068860,1071,1,115.81,1,Lapsed one-time
3bcdd317,282,1,97.08,0,Recent one-time
e1a4ea4b,848,1,48.25,1,Lapsed one-time
943b78e4,853,1,37.8,1,Lapsed one-time
497b153c,550,1,33.75,1,Lapsed one-time
aff6573b,560,1,98.8,0,Recent one-time
f5baf13f,1019,2,113.96,2,Loyal core (repeat buyers)
c9d22b92,190,1,92.3,0,Recent one-time
f93cbda8,1027,1,132.6,1,Lapsed one-time
234173f7,101,1,461.76,0,Recent one-time
4b84dfd2,1037,1,51.78,1,Lapsed one-time
b14658a7,80,2,137.5,2,Loyal core (repeat buyers)
80530a33,10,1,80.8,0,Recent one-time
3109fc97,508,3,314.5,2,Loyal core (repeat buyers)
e12d2692,638,1,210.14,0,Recent one-time
e3cb1262,484,1,59.87,1,Lapsed one-time
afa6c1dd,1051,1,70.52,1,Lapsed one-time
36f823ac,509,1,53.98,1,Lapsed one-time
05f8ab9d,532,1,57.86,1,Lapsed one-time
755523d4,289,2,142.03,2,Loyal core (repeat buyers)
89546d2f,246,1,106.68,0,Recent one-time
2f172190,273,1,33.65,0,Recent one-time
9f04b847,85,2,110.12,2,Loyal core (repeat buyers)
37d9c83a,278,1,74.25,0,Recent one-time
bfbc6f87,544,1,116.58,0,Recent one-time
cee143cc,954,1,58.63,1,Lapsed one-time
3fa7bb50,137,1,51.19,0,Recent one-time
aa131b5d,51,1,67.72,0,Recent one-time
50a27932,216,3,153.64,2,Loyal core (repeat buyers)
85e329da,844,1,133.6,1,Lapsed one-time
8c6a889f,218,1,82.5,0,Recent one-time
f59ea591,407,1,79.05,0,Recent one-time
07c02972,601,1,132.32,0,Recent one-time
2f6a9bc1,919,1,97.4,1,Lapsed one-time
439918e1,663,2,184.95,2,Loyal core (repeat buyers)
7454fadb,573,1,76.93,1,Lapsed one-time
3dca4e8b,103,2,139.08,2,Loyal core (repeat buyers)
edc8559f,301,1,97.15,0,Recent one-time
99bbd710,778,2,97.89,2,Loyal core (repeat buyers)
50e22902,140,1,94.28,0,Recent one-time
92cd4bc7,95,1,53.63,0,Recent one-time
6e1183bd,194,1,76.84,0,Recent one-time
17fe9220,233,1,220.04,0,Recent one-time
54be5132,623,1,34.77,1,Lapsed one-time
37478621,624,1,80.23,1,Lapsed one-time
a928d322,200,1,104.49,0,Recent one-time
4fedc131,919,1,95.38,1,Lapsed one-time
54460fd0,1056,1,7.44,1,Lapsed one-time
24c53b8b,289,3,226.84,2,Loyal core (repeat buyers)
88dd4f43,1038,1,63.59,1,Lapsed one-time
a59a4ad3,550,1,76.63,1,Lapsed one-time
75dba4c2,1067,1,52.25,1,Lapsed one-time
48725a27,206,1,56.38,0,Recent one-time
99f02faf,351,1,115.68,0,Recent one-time
edbe2c70,586,1,124.19,0,Recent one-time
53a4e6b7,574,1,131.55,0,Recent one-time
cb61abf2,210,1,118.41,0,Recent one-time
1be40ebf,341,1,54.33,0,Recent one-time
fb94e8df,230,1,33.57,0,Recent one-time
70e4e645,23,1,84.58,0,Recent one-time
47b3859a,369,1,116.5,0,Recent one-time
c1bd54a1,139,1,127.62,0,Recent one-time
de9da9b1,900,1,49.09,1,Lapsed one-time
7ec4983f,218,1,149.27,0,Recent one-time
2e66a4ce,265,1,99.58,0,Recent one-time
9297a897,604,1,54.2,1,Lapsed one-time
56d1ca25,1024,1,56.65,1,Lapsed one-time
2ea05108,392,1,89.46,0,Recent one-time
a16c7a75,32,1,83.92,0,Recent one-time
92b7ac6c,979,1,146.49,1,Lapsed one-time
13cb684d,704,2,228.25,2,Loyal core (repeat buyers)
ee0749e9,978,1,51.17,1,Lapsed one-time
d5a6ed58,262,2,262.44,2,Loyal core (repeat buyers)
5cdb6fb2,504,1,53.36,1,Lapsed one-time
a66482b9,264,1,206.78,0,Recent one-time
d033442c,533,1,98.85,0,Recent one-time
f24cf42b,164,1,74.84,0,Recent one-time
73796681,386,1,88.53,0,Recent one-time
eecd1e6c,279,1,117.34,0,Recent one-time
df8c8170,610,1,88.64,1,Lapsed one-time
24064df9,340,1,55.31,0,Recent one-time
b874fedd,411,1,73.14,0,Recent one-time
3f7fd8f4,621,1,49.72,1,Lapsed one-time
22e55868,1056,1,57.66,1,Lapsed one-time
cb5d0323,156,1,82.57,0,Recent one-time
055a7b2f,4,1,135.91,0,Recent one-time
5332907f,314,1,32.68,0,Recent one-time
ce6bfeba,693,1,86.34,1,Lapsed one-time
38ea08e6,205,1,34.49,0,Recent one-time
692b727f,719,3,106.48,2,Loyal core (repeat buyers)
9c9debd5,250,1,79.25,0,Recent one-time
f7f4ccc5,556,1,87.85,0,Recent one-time
ed0bc47e,282,1,96.17,0,Recent one-time
a714b4fd,529,1,45.06,1,Lapsed one-time
cb4a6e0a,324,1,96.58,0,Recent one-time
1c13360c,664,2,79.51,2,Loyal core (repeat buyers)
03d46c27,310,1,82.75,0,Recent one-time
b26bdb08,58,1,118.02,0,Recent one-time
0f38aa99,333,2,134.76,2,Loyal core (repeat buyers)
4858fba6,82,1,81.88,0,Recent one-time
711f1826,1009,1,55.32,1,Lapsed one-time
1f47fa7b,540,1,54.66,1,Lapsed one-time
41e2e446,134,1,98.75,0,Recent one-time
d4a700a3,145,1,74.14,0,Recent one-time
f7e44ec4,261,1,79.69,0,Recent one-time
82ea15bb,1067,1,22.71,1,Lapsed one-time
5df9fd02,788,1,58.63,1,Lapsed one-time
1656b24c,557,1,55.12,1,Lapsed one-time
63bc665d,306,1,130.31,0,Recent one-time
075343ee,574,1,55.54,1,Lapsed one-time
af03314f,294,1,53.76,0,Recent one-time
298f89c6,392,1,99.54,0,Recent one-time
69884dc4,125,2,192.82,2,Loyal core (repeat buyers)
7fca72b6,119,2,103.34,2,Loyal core (repeat buyers)
ed284999,934,1,99.17,1,Lapsed one-time
424419c4,558,1,53.1,1,Lapsed one-time
5f1adde1,311,1,34.6,0,Recent one-time
1d8ff7f8,26,1,76.7,0,Recent one-time
ca110980,607,1,59.26,1,Lapsed one-time
630788e0,226,1,117.26,0,Recent one-time
e23d9fc1,19,1,34.59,0,Recent one-time
4f9543ef,475,2,167.54,2,Loyal core (repeat buyers)
a52b0fd1,338,1,96.49,0,Recent one-time
6d6e01e9,832,1,95.98,1,Lapsed one-time
df31b198,70,1,83.83,0,Recent one-time
a2002b8a,549,1,53.57,1,Lapsed one-time
a779d3be,363,1,91.17,0,Recent one-time
a0aa8406,2,1,99.15,0,Recent one-time
9257130f,145,2,2537.25,2,Loyal core (repeat buyers)
89568834,320,1,75.68,0,Recent one-time
7e5c970c,846,1,44.07,1,Lapsed one-time
72055a5c,267,1,289.62,0,Recent one-time
6bf4143c,395,1,54.86,0,Recent one-time
81692a87,572,1,200.27,0,Recent one-time
c0d57f2c,274,1,78.41,0,Recent one-time
236c3667,231,1,218.18,0,Recent one-time
0bbfc49f,696,1,36.79,1,Lapsed one-time
5118e042,118,1,254.52,0,Recent one-time
27d50bed,265,1,79.69,0,Recent one-time
7a2d8c16,797,1,76.75,1,Lapsed one-time
c4f94251,1032,1,120.8,1,Lapsed one-time
dac25bba,92,1,152.2,0,Recent one-time
559cee52,106,1,48.92,0,Recent one-time
b95cc14e,100,1,102.54,0,Recent one-time
b2f07e64,879,1,50.56,1,Lapsed one-time
39c456cc,203,1,122.77,0,Recent one-time
08623165,358,1,74.76,0,Recent one-time
58c54cbf,222,1,81.88,0,Recent one-time
30fef7f4,707,1,27.28,1,Lapsed one-time
aa7b0a46,567,1,54.2,1,Lapsed one-time
ec89bc18,799,1,89.98,1,Lapsed one-time
3881925b,1011,1,137.72,1,Lapsed one-time
ddcfbf13,542,1,35.51,1,Lapsed one-time
534232a3,267,1,82.86,0,Recent one-time
93103b2a,598,1,54.3,1,Lapsed one-time
5040808a,80,2,42.58,2,Loyal core (repeat buyers)
72ee3033,1042,1,49.99,1,Lapsed one-time
34ff2f34,1074,1,56.53,1,Lapsed one-time
e10cdd6f,831,1,28.13,1,Lapsed one-time
6b867f85,591,1,54.2,1,Lapsed one-time
40ecd191,579,1,81.86,1,Lapsed one-time
f0c23271,684,1,50.21,1,Lapsed one-time
d8e2f4f6,562,1,187.73,0,Recent one-time
38a13a16,158,1,55.43,0,Recent one-time
441330eb,163,1,47.52,0,Recent one-time
2375255f,857,1,23.41,1,Lapsed one-time
9288ef92,716,1,100.08,1,Lapsed one-time
a6bbeebb,561,1,135.7,0,Recent one-time
0cc45d3d,239,1,80.54,0,Recent one-time
6964547d,575,1,54.58,1,Lapsed one-time
7b5f8885,32,1,117.89,0,Recent one-time
73272e40,17,1,0.98,1,Lapsed one-time
b6111fef,413,1,123.39,0,Recent one-time
f8c45ea6,230,2,117.46,2,Loyal core (repeat buyers)
8bda3e66,702,1,142.03,1,Lapsed one-time
06cc21f7,553,1,83.1,1,Lapsed one-time
96a3cd5e,560,1,35.51,1,Lapsed one-time
aeadac9b,507,1,55.98,1,Lapsed one-time
83a2c259,246,1,55.42,0,Recent one-time
a6bd596f,174,1,117.0,0,Recent one-time
fde46967,1103,1,49.45,1,Lapsed one-time
7bc777ec,858,2,94.57,2,Loyal core (repeat buyers)
a045feeb,811,1,115.12,1,Lapsed one-time
aae36a0f,696,1,36.33,1,Lapsed one-time
344bb445,988,1,103.7,1,Lapsed one-time
14c4f35e,340,1,92.03,0,Recent one-time
9c90e2ab,227,1,77.85,0,Recent one-time
98a9a4aa,583,1,55.18,1,Lapsed one-time
2d9f3379,941,1,56.19,1,Lapsed one-time
8f2a4736,706,1,92.99,1,Lapsed one-time
e2db3ea8,840,1,49.2,1,Lapsed one-time
59557b1c,902,2,82.78,2,Loyal core (repeat buyers)
2902a089,472,1,49.07,1,Lapsed one-time
96989bf8,393,1,128.58,0,Recent one-time
9472f746,579,3,160.59,2,Loyal core (repeat buyers)
63971dd0,832,1,129.07,1,Lapsed one-time
4bb7e9a0,563,1,87.65,1,Lapsed one-time
b73e5a08,123,1,84.85,0,Recent one-time
06ad9bda,708,1,54.2,1,Lapsed one-time
15b8db90,844,1,43.17,1,Lapsed one-time
0ffd3207,59,1,83.24,0,Recent one-time
f40cd8e9,507,2,177.93,2,Loyal core (repeat buyers)
1ded8a2f,611,2,117.1,2,Loyal core (repeat buyers)
65911f8e,96,1,126.04,0,Recent one-time
0c626ee0,832,2,88.9,2,Loyal core (repeat buyers)
67f484aa,782,1,151.03,1,Lapsed one-time
2909a05b,353,1,43.81,0,Recent one-time
b2945ec9,607,1,55.21,1,Lapsed one-time
28231c7f,588,1,54.49,1,Lapsed one-time
d5959ee0,257,1,130.43,0,Recent one-time
0dc26b43,529,2,212.68,2,Loyal core (repeat buyers)
8fafc184,233,1,143.42,0,Recent one-time
3e83a66c,651,1,54.2,1,Lapsed one-time
122a8d66,1046,1,7.57,1,Lapsed one-time
794cd04a,385,1,35.21,1,Lapsed one-time
607ff33a,558,1,54.86,1,Lapsed one-time
b0b2ac54,200,1,119.6,0,Recent one-time
b57e2a8f,125,1,93.24,0,Recent one-time
d5b2381a,498,1,95.49,0,Recent one-time
915f61ec,244,2,172.74,2,Loyal core (repeat buyers)
38480e04,47,1,92.28,0,Recent one-time
907af25d,27,1,75.8,0,Recent one-time
5b80ade9,1055,1,7.53,1,Lapsed one-time
ab5dc7bc,888,3,44.33,2,Loyal core (repeat buyers)
e523e786,573,1,54.49,1,Lapsed one-time
ef9b4360,249,1,54.68,0,Recent one-time
fb137816,214,1,55.85,0,Recent one-time
19092667,841,1,48.86,1,Lapsed one-time
7ac24ea5,198,1,55.31,0,Recent one-time
20184696,181,1,84.69,0,Recent one-time
bdfe6888,262,1,51.22,0,Recent one-time
d2a04847,42,2,229.14,2,Loyal core (repeat buyers)
d79385fe,98,1,217.21,0,Recent one-time
e080c69f,636,1,86.15,1,Lapsed one-time
232467ab,229,1,55.24,0,Recent one-time
cd3df3b8,365,2,148.16,2,Loyal core (repeat buyers)
d8cbb52e,159,1,84.59,0,Recent one-time
33fa56e6,719,1,83.3,1,Lapsed one-time
1b103d5a,403,1,54.67,0,Recent one-time
a8081bc3,716,1,81.16,1,Lapsed one-time
876e2ec2,192,1,54.6,0,Recent one-time
a99ce0f1,305,1,273.87,0,Recent one-time
f56788db,801,1,93.38,1,Lapsed one-time
00802fed,311,2,86.56,2,Loyal core (repeat buyers)
080f4161,537,1,54.99,1,Lapsed one-time
f55d1614,44,3,545.8,2,Loyal core (repeat buyers)
c19b4613,655,1,53.45,1,Lapsed one-time
4637a3e9,627,1,98.8,1,Lapsed one-time
3ad13974,281,1,82.93,0,Recent one-time
8ada1d4e,305,1,217.72,0,Recent one-time
0ba811db,289,1,103.51,0,Recent one-time
5baa7750,1068,1,65.22,1,Lapsed one-time
1f67859d,571,1,53.64,1,Lapsed one-time
b0234b66,178,1,100.09,0,Recent one-time
13c47c8e,284,1,33.55,0,Recent one-time
d7872f03,504,1,55.41,1,Lapsed one-time
857b0771,315,3,244.48,2,Loyal core (repeat buyers)
3b9321d5,301,1,133.65,0,Recent one-time
7f27c561,205,1,82.75,0,Recent one-time
2ef0e2bc,42,1,102.89,0,Recent one-time
5e006ecd,256,2,390.02,2,Loyal core (repeat buyers)
6268eb40,549,1,33.26,1,Lapsed one-time
2d52fa8f,620,1,41.74,1,Lapsed one-time
158eb8c4,624,1,226.19,0,Recent one-time
d365e81b,189,2,128.51,2,Loyal core (repeat buyers)
9c080e56,138,2,176.9,2,Loyal core (repeat buyers)
f53b2021,571,1,53.61,1,Lapsed one-time
49f5c8e8,599,1,55.11,1,Lapsed one-time
36083612,158,1,98.67,0,Recent one-time
9a95f449,54,1,83.72,0,Recent one-time
0489e6de,233,1,130.92,0,Recent one-time
9706cd0c,519,2,111.06,2,Loyal core (repeat buyers)
7687354d,254,1,82.57,0,Recent one-time
2cea3eeb,745,1,27.95,1,Lapsed one-time
0dfd483c,121,1,128.16,0,Recent one-time
640824ff,461,1,67.61,0,Recent one-time
cdb8051a,603,1,54.72,1,Lapsed one-time
98954c34,597,1,48.93,1,Lapsed one-time
78e3a053,391,1,200.26,0,Recent one-time
2b7a5f32,401,1,56.21,0,Recent one-time
23f4e683,222,1,83.61,0,Recent one-time
99bbecdc,224,1,30.97,0,Recent one-time
37087c80,1033,1,40.88,1,Lapsed one-time
08527b35,48,1,102.89,0,Recent one-time
471df398,178,1,56.03,0,Recent one-time
240a225b,204,2,128.86,2,Loyal core (repeat buyers)
5080c739,284,1,218.29,0,Recent one-time
9bd1ab32,54,1,63.35,0,Recent one-time
90f895ea,181,1,84.28,0,Recent one-time
14220661,298,3,170.59,2,Loyal core (repeat buyers)
68a5bb97,840,1,42.92,1,Lapsed one-time
03f5be7a,917,1,48.14,1,Lapsed one-time
d3a065a2,290,2,164.88,2,Loyal core (repeat buyers)
a306a024,619,1,54.59,1,Lapsed one-time
6ae963ef,711,1,44.3,1,Lapsed one-time
eb0327b4,909,1,110.59,1,Lapsed one-time
8d314ce0,1031,2,61.77,1,Lapsed one-time
58a5abf2,1021,1,84.6,1,Lapsed one-time
7b250c62,559,1,54.2,1,Lapsed one-time
b46eca5c,396,3,212.99,2,Loyal core (repeat buyers)
63135457,354,1,96.81,0,Recent one-time
393dcf90,250,2,161.17,2,Loyal core (repeat buyers)
56e8167c,358,1,82.88,0,Recent one-time
7d3ced6d,198,1,33.35,0,Recent one-time
cdb71649,108,1,53.79,0,Recent one-time
ac22b754,75,7,496.75,2,Loyal core (repeat buyers)
17891721,542,2,129.04,2,Loyal core (repeat buyers)
c6c082d4,114,1,55.35,0,Recent one-time
6606d80d,514,1,163.36,0,Recent one-time
fc40ab9a,224,1,127.89,0,Recent one-time
cdac381c,990,2,55.51,1,Lapsed one-time
0955f370,182,2,108.62,2,Loyal core (repeat buyers)
a08150bc,916,1,48.98,1,Lapsed one-time
00d1a2d1,309,1,81.59,0,Recent one-time
ec27cb0a,406,2,193.87,2,Loyal core (repeat buyers)
d05b3468,259,1,128.97,0,Recent one-time
64f0d956,258,1,32.85,0,Recent one-time
db115c4c,669,1,55.06,1,Lapsed one-time
bf4b8233,727,1,78.54,1,Lapsed one-time
8bd77ef4,833,1,28.3,1,Lapsed one-time
9a1a347f,388,2,124.08,2,Loyal core (repeat buyers)
a9e9ba9e,912,2,110.23,2,Loyal core (repeat buyers)
98873c09,327,4,288.36,2,Loyal core (repeat buyers)
6bbdb3b8,17,1,114.52,0,Recent one-time
654f07d5,382,1,54.36,0,Recent one-time
5f85f1d7,629,1,33.66,1,Lapsed one-time
257087fa,578,1,54.87,1,Lapsed one-time
3a745e83,219,1,62.33,0,Recent one-time
4b47237e,879,1,46.32,1,Lapsed one-time
adc039cd,760,1,84.33,1,Lapsed one-time
1bd8d6be,675,1,35.96,1,Lapsed one-time
a480e7b0,174,1,77.43,0,Recent one-time
ee23aeff,273,1,82.85,0,Recent one-time
f2e01ff8,639,1,166.09,0,Recent one-time
7b9b27f4,381,1,33.48,1,Lapsed one-time
86a43d6c,1063,1,125.31,1,Lapsed one-time
71fd0a2f,54,1,84.63,0,Recent one-time
0aecd1f0,519,1,53.89,1,Lapsed one-time
59b6416a,542,1,55.5,1,Lapsed one-time
d0a7ef1d,63,1,94.74,0,Recent one-time
2a543970,631,1,52.66,1,Lapsed one-time
6513e9f0,103,1,87.78,0,Recent one-time
a1410ecb,348,1,83.72,0,Recent one-time
238ab9fa,28,1,55.56,0,Recent one-time
41540703,232,1,79.82,0,Recent one-time
0f12fcb3,271,1,166.43,0,Recent one-time
b9051c88,290,1,55.62,0,Recent one-time
cecef9b7,239,1,55.66,0,Recent one-time
5d1703b0,495,1,80.69,0,Recent one-time
74cb18f4,314,1,134.7,0,Recent one-time
8a47d1c3,363,1,96.97,0,Recent one-time
1aa061d6,713,1,53.63,1,Lapsed one-time
ebb0d77e,604,1,56.21,1,Lapsed one-time
9ab75a8d,1041,1,52.92,1,Lapsed one-time
7ed37351,270,1,82.94,0,Recent one-time
a08d96b5,544,1,54.2,1,Lapsed one-time
d8d7aa02,525,2,107.13,2,Loyal core (repeat buyers)
ffc012cf,588,1,54.62,1,Lapsed one-time
6e2b43bd,622,1,100.27,1,Lapsed one-time
1dee66f4,284,2,149.5,2,Loyal core (repeat buyers)
36092d09,207,1,55.4,0,Recent one-time
dd6b621a,352,1,97.15,0,Recent one-time
da13fa58,297,1,68.63,0,Recent one-time
28b8d9b3,347,1,98.74,0,Recent one-time
3fe1e8a3,225,1,33.31,0,Recent one-time
d695405e,385,1,163.09,0,Recent one-time
0e2b97c7,243,1,144.19,0,Recent one-time
ed8bbe78,585,2,178.36,2,Loyal core (repeat buyers)
68eafdb4,1054,1,107.83,1,Lapsed one-time
8f5e5249,774,1,191.03,1,Lapsed one-time
cbb8494b,1093,1,54.38,1,Lapsed one-time
8e43fd90,563,1,130.61,0,Recent one-time
1582b477,141,1,102.53,0,Recent one-time
41aec783,327,2,115.32,2,Loyal core (repeat buyers)
0c1b4d75,158,1,54.56,0,Recent one-time
a926d37c,246,1,81.4,0,Recent one-time
0e6e1479,695,1,36.56,1,Lapsed one-time
db42d57d,525,1,32.82,1,Lapsed one-time
5f6fca18,212,1,197.05,0,Recent one-time
61d3f754,1024,1,50.87,1,Lapsed one-time
baf43874,390,1,170.54,0,Recent one-time
4590fb6f,596,1,98.92,1,Lapsed one-time
ddf6a035,1040,1,57.66,1,Lapsed one-time
c5461eec,505,2,261.17,2,Loyal core (repeat buyers)
139c03d3,352,2,149.72,2,Loyal core (repeat buyers)
8553ff9c,961,2,140.39,2,Loyal core (repeat buyers)
bb530430,395,1,89.76,0,Recent one-time
1f5414c8,358,1,45.56,0,Recent one-time
1b283dd2,568,1,139.51,0,Recent one-time
999b4d71,803,1,97.57,1,Lapsed one-time
36c261b8,602,1,33.76,1,Lapsed one-time
0b1fe9a7,246,1,79.25,0,Recent one-time
384a6625,277,1,46.39,0,Recent one-time
4a4b052b,372,1,53.86,0,Recent one-time
cb0a0491,956,1,85.9,1,Lapsed one-time
11665348,326,1,75.46,0,Recent one-time
4a74bf77,179,1,95.25,0,Recent one-time
cf89e9c5,923,1,143.67,1,Lapsed one-time
f9ffedea,88,1,394.4,0,Recent one-time
73b57507,298,2,134.82,2,Loyal core (repeat buyers)
8ff01c98,197,1,99.04,0,Recent one-time
a2d36e7d,198,1,77.19,0,Recent one-time
7cbc37eb,847,1,100.2,1,Lapsed one-time
5efdec9a,37,1,100.67,0,Recent one-time
a13d8100,559,1,53.61,1,Lapsed one-time
b7e6175e,508,1,124.42,0,Recent one-time
01fb11d2,565,1,53.64,1,Lapsed one-time
f73a73e1,853,2,144.84,2,Loyal core (repeat buyers)
7e7c8d91,490,1,87.04,0,Recent one-time
03d29a15,781,1,80.44,1,Lapsed one-time
7da81dcb,122,1,33.86,0,Recent one-time
52001f3c,289,1,54.82,0,Recent one-time
8897c596,1050,2,135.49,2,Loyal core (repeat buyers)
df89fc56,695,1,36.79,1,Lapsed one-time
9cb562b7,886,1,38.37,1,Lapsed one-time
136ebbcc,49,1,99.94,0,Recent one-time
3f0dd209,540,1,53.89,1,Lapsed one-time
c2066641,1049,2,110.78,2,Loyal core (repeat buyers)
ca119739,13,1,53.91,0,Recent one-time
94fb9d5f,152,1,82.3,0,Recent one-time
a64b80e0,536,1,55.43,1,Lapsed one-time
b140b89b,545,1,87.86,0,Recent one-time
622b7c0b,257,1,84.78,0,Recent one-time
5ef7e11a,443,1,55.41,0,Recent one-time
eccc8cbb,273,1,82.16,0,Recent one-time
4adc7e6d,1026,1,7.72,1,Lapsed one-time
16bf4ac3,527,1,54.4,1,Lapsed one-time
09cfce25,171,1,67.28,0,Recent one-time
1a6ad048,624,1,54.58,1,Lapsed one-time
82edd22f,894,1,97.57,1,Lapsed one-time
edca22d8,558,1,34.1,1,Lapsed one-time
a0a00f8c,906,1,58.39,1,Lapsed one-time
be97db2e,929,1,47.69,1,Lapsed one-time
35f0ca9d,254,1,83.73,0,Recent one-time
59a481bd,269,1,106.17,0,Recent one-time
ff55ce5a,967,1,48.7,1,Lapsed one-time
1f869aab,101,1,67.57,0,Recent one-time
df46edb1,716,1,133.51,1,Lapsed one-time
f3a21c52,749,1,86.15,1,Lapsed one-time
a5001e68,1007,1,58.03,1,Lapsed one-time
038dcba9,326,2,199.64,2,Loyal core (repeat buyers)
06695a79,274,1,98.99,0,Recent one-time
cff3bfc3,376,1,82.77,0,Recent one-time
544fc940,180,1,107.15,0,Recent one-time
bf90780f,247,1,195.2,0,Recent one-time
63c2db6b,1019,1,145.68,1,Lapsed one-time
ca499f74,695,1,36.4,1,Lapsed one-time
96e3bec8,50,1,34.63,0,Recent one-time
f0c0473b,374,1,226.1,0,Recent one-time
b9ca4e2f,203,2,137.03,2,Loyal core (repeat buyers)
fc81a42c,964,2,83.57,2,Loyal core (repeat buyers)
4f6c9098,394,1,57.48,0,Recent one-time
dff5906f,966,1,48.59,1,Lapsed one-time
887d1da0,616,1,87.73,1,Lapsed one-time
9ba40c67,1032,1,42.53,1,Lapsed one-time
7e47a428,30,2,125.02,2,Loyal core (repeat buyers)
765bdf27,609,1,34.71,1,Lapsed one-time
902f19f6,169,2,145.58,2,Loyal core (repeat buyers)
b3ea2ca1,848,1,43.98,1,Lapsed one-time
d0804856,696,1,43.57,1,Lapsed one-time
6233d4b3,304,1,56.71,0,Recent one-time
277935b9,266,1,81.59,0,Recent one-time
7992fd3c,335,1,53.64,0,Recent one-time
17242fa3,543,1,34.25,1,Lapsed one-time
9ba2c0b0,529,2,175.74,2,Loyal core (repeat buyers)
d300296f,696,1,36.57,1,Lapsed one-time
caf1239f,72,1,89.95,0,Recent one-time
fae939d0,359,1,48.23,0,Recent one-time
657da59f,612,1,53.63,1,Lapsed one-time
67d1e827,301,1,75.11,0,Recent one-time
05978359,769,1,44.79,1,Lapsed one-time
86d0a415,1066,1,51.95,1,Lapsed one-time
1f588ba5,117,1,89.98,0,Recent one-time
a80cf2b0,379,1,48.2,0,Recent one-time
00e8b4a4,110,1,128.97,0,Recent one-time
9d9db9fc,206,1,31.88,0,Recent one-time
3a2b09c0,840,1,49.15,1,Lapsed one-time
ea36e5f6,51,1,98.13,0,Recent one-time
a1822423,7,1,254.64,0,Recent one-time
a840b04b,67,1,101.46,0,Recent one-time
599f2b95,1014,1,64.19,1,Lapsed one-time
0debcce7,210,1,83.24,0,Recent one-time
986fa5ae,534,1,53.61,1,Lapsed one-time
8be8e4e4,961,2,208.88,2,Loyal core (repeat buyers)
ac045e4a,54,1,106.17,0,Recent one-time
3ad93c9f,723,1,44.64,1,Lapsed one-time
7675c328,651,3,146.75,2,Loyal core (repeat buyers)
509df146,371,1,82.47,0,Recent one-time
c87e5eaa,494,6,398.8,2,Loyal core (repeat buyers)
c04fa215,361,1,54.73,0,Recent one-time
6d40cb61,210,1,99.23,0,Recent one-time
207b14f2,327,1,83.13,0,Recent one-time
6f6d35e7,774,1,293.15,0,Recent one-time
bbb6ddda,267,1,81.49,0,Recent one-time
5a5d1e69,606,1,99.72,1,Lapsed one-time
115bb2bb,812,1,48.98,1,Lapsed one-time
77b32104,548,1,81.1,1,Lapsed one-time
05d200cc,1040,1,64.62,1,Lapsed one-time
c4a114a2,148,1,94.18,0,Recent one-time
14dc18a4,78,1,66.6,0,Recent one-time
1008713f,986,1,52.25,1,Lapsed one-time
3065801b,810,1,94.93,1,Lapsed one-time
9bf618a4,25,1,104.12,0,Recent one-time
1352d8cb,815,1,70.19,1,Lapsed one-time
ad6d3a33,910,2,39.59,1,Lapsed one-time
07a68203,1060,1,52.18,1,Lapsed one-time
636ee66b,743,1,151.76,1,Lapsed one-time
e343971e,569,1,86.84,1,Lapsed one-time
4b677a47,84,1,99.44,0,Recent one-time
65d20e44,602,1,78.26,1,Lapsed one-time
f025390c,912,1,109.81,1,Lapsed one-time
35827780,713,1,69.85,1,Lapsed one-time
a914d499,696,1,35.77,1,Lapsed one-time
cb5b5a2c,341,1,131.97,0,Recent one-time
e3c1c4f0,368,2,126.89,2,Loyal core (repeat buyers)
62f2bb96,520,1,55.29,1,Lapsed one-time
7114f022,325,1,42.5,0,Recent one-time
32a887cc,0,1,57.68,0,Recent one-time
83b222ca,281,1,116.73,0,Recent one-time
23cb0830,228,2,106.42,2,Loyal core (repeat buyers)
1e651b5b,15,2,179.0,2,Loyal core (repeat buyers)
be8b6cea,695,1,36.28,1,Lapsed one-time
f9a6e982,266,1,84.66,0,Recent one-time
33adcd6b,225,1,33.82,0,Recent one-time
77eea9a9,735,1,77.53,1,Lapsed one-time
ab06871d,753,1,47.97,1,Lapsed one-time
2413722d,141,1,50.62,0,Recent one-time
fa8f1898,1029,1,83.93,1,Lapsed one-time
06f94313,217,1,526.35,0,Recent one-time
d4293dc7,580,1,54.57,1,Lapsed one-time
a2356359,288,1,54.33,0,Recent one-time
ed70ea64,137,1,30.21,0,Recent one-time
1be81558,397,1,53.93,0,Recent one-time
19784892,560,1,56.09,1,Lapsed one-time
b6108693,120,1,301.22,0,Recent one-time
1358bcad,619,2,152.76,2,Loyal core (repeat buyers)
3305ad54,1047,1,7.6,1,Lapsed one-time
f6b3a4a0,89,1,99.81,0,Recent one-time
1794bf70,389,1,102.13,0,Recent one-time
aa568363,442,1,49.57,1,Lapsed one-time
03781b38,575,1,50.0,1,Lapsed one-time
0ca52273,836,1,55.47,1,Lapsed one-time
a9e9be39,543,1,140.73,0,Recent one-time
05205fd7,0,2,650.53,2,Loyal core (repeat buyers)
cc6c9bd5,696,1,37.6,1,Lapsed one-time
a9f5e13d,50,1,56.02,0,Recent one-time
90571a1a,199,1,130.27,0,Recent one-time
ea5b5428,225,1,111.74,0,Recent one-time
f6cfbc4a,69,1,83.23,0,Recent one-time
481f4fa7,858,1,46.75,1,Lapsed one-time
f44814e5,213,1,99.65,0,Recent one-time
dc3ceb62,34,1,100.33,0,Recent one-time
e757cd5f,134,2,158.9,2,Loyal core (repeat buyers)
b5c33e35,694,1,36.24,1,Lapsed one-time
ff7c37af,75,1,54.06,0,Recent one-time
5f1c0ef3,565,1,53.61,1,Lapsed one-time
36f0f24c,810,1,79.17,1,Lapsed one-time
a2c2c00f,404,1,56.33,0,Recent one-time
5ec5f174,476,2,335.82,2,Loyal core (repeat buyers)
6cfa0359,787,1,34.3,1,Lapsed one-time
fc902d70,1022,1,57.23,1,Lapsed one-time
d84cf74f,78,1,113.74,0,Recent one-time
8d22c161,13,1,104.49,0,Recent one-time
088c9e64,1029,1,103.01,1,Lapsed one-time
c41ddb59,131,2,70.48,2,Loyal core (repeat buyers)
205cbf77,231,1,127.59,0,Recent one-time
14d51f5e,180,1,99.34,0,Recent one-time
a4958a6b,854,1,41.2,1,Lapsed one-time
07b15b56,312,1,131.03,0,Recent one-time
08fc0a39,634,1,84.4,1,Lapsed one-time
e1b2a7e2,759,1,49.24,1,Lapsed one-time
d3f96d97,533,1,53.45,1,Lapsed one-time
b6778458,608,1,33.45,1,Lapsed one-time
2cae315a,790,2,106.23,2,Loyal core (repeat buyers)
130f0fc5,70,1,100.92,0,Recent one-time
4bc3a2ce,556,1,46.73,1,Lapsed one-time
b61f4135,297,1,54.41,0,Recent one-time
5c233eee,525,1,55.99,1,Lapsed one-time
bdf8b030,282,1,91.42,0,Recent one-time
c632ae74,347,1,88.86,0,Recent one-time
5e1b6606,186,1,148.59,0,Recent one-time
3a21b5db,160,3,395.68,2,Loyal core (repeat buyers)
b230017c,617,1,162.57,0,Recent one-time
3af7b827,191,1,119.62,0,Recent one-time
6c380c67,350,1,81.88,0,Recent one-time
08d6e425,716,1,54.91,1,Lapsed one-time
833b93ad,137,1,33.37,0,Recent one-time
90162c6c,354,1,41.41,0,Recent one-time
ddca210b,555,1,55.24,1,Lapsed one-time
f4adf32f,174,1,169.12,0,Recent one-time
fddf3110,511,3,223.92,2,Loyal core (repeat buyers)
9276b9e1,521,2,219.42,2,Loyal core (repeat buyers)
a8217a19,579,1,190.19,0,Recent one-time
60a0696d,226,1,134.54,0,Recent one-time
f2a0d0af,213,1,67.34,0,Recent one-time
f8f06f0c,621,6,581.5,2,Loyal core (repeat buyers)
377a58c4,143,1,114.12,0,Recent one-time
37c0ac0c,50,2,174.21,2,Loyal core (repeat buyers)
0a4a8ef2,780,1,54.96,1,Lapsed one-time
6a40ccea,957,3,231.86,2,Loyal core (repeat buyers)
e4bb5c8b,798,1,56.6,1,Lapsed one-time
17fc8dff,830,1,38.15,1,Lapsed one-time
1afa27e0,902,1,38.51,1,Lapsed one-time
edaafb00,543,1,54.2,1,Lapsed one-time
da38d93e,305,1,111.31,0,Recent one-time
cbb96143,614,2,88.39,2,Loyal core (repeat buyers)
15f15462,831,1,67.09,1,Lapsed one-time
4d0b077b,754,1,97.96,1,Lapsed one-time
b91228c2,1022,1,86.7,1,Lapsed one-time
aa9366b0,869,1,50.28,1,Lapsed one-time
b4d0f43b,275,1,96.17,0,Recent one-time
3ac621b1,277,1,86.4,0,Recent one-time
641399e6,235,1,111.19,0,Recent one-time
e9bec25f,967,1,83.14,1,Lapsed one-time
f995effd,404,1,33.24,1,Lapsed one-time
85074211,879,1,47.84,1,Lapsed one-time
4ace4f71,398,1,56.45,0,Recent one-time
318d01d4,307,1,54.44,0,Recent one-time
0dbcb7d4,293,2,368.08,2,Loyal core (repeat buyers)
adbc5ac1,57,1,101.05,0,Recent one-time
d70ee6df,576,1,53.64,1,Lapsed one-time
f3712a21,512,2,215.63,2,Loyal core (repeat buyers)
a3dfa8ae,632,1,125.9,0,Recent one-time
d7428787,2,1,35.07,0,Recent one-time
3d8c9a5c,634,1,55.33,1,Lapsed one-time
61c3b8ac,598,1,141.23,0,Recent one-time
43c0a314,238,1,51.11,0,Recent one-time
a36336a8,529,1,55.97,1,Lapsed one-time
18c7f066,836,1,97.97,1,Lapsed one-time
54cb7309,582,1,85.28,1,Lapsed one-time
0fe9c6f3,283,1,74.68,0,Recent one-time
69f2d5ed,1073,1,133.79,1,Lapsed one-time
33bc457c,255,1,81.02,0,Recent one-time
3a1a1270,545,1,34.3,1,Lapsed one-time
3cb99b85,209,1,54.21,0,Recent one-time
cf4c0c73,535,3,321.43,2,Loyal core (repeat buyers)
2fc273fe,208,1,33.72,0,Recent one-time
f3f66f44,625,1,50.0,1,Lapsed one-time
71cbdf31,1019,1,87.32,1,Lapsed one-time
f492c000,597,1,55.19,1,Lapsed one-time
c7279de1,866,1,49.09,1,Lapsed one-time
5fd038eb,61,1,131.81,0,Recent one-time
bfbc075a,245,1,79.65,0,Recent one-time
2f1f796d,498,1,76.83,0,Recent one-time
be136530,430,1,33.14,1,Lapsed one-time
4e43bf90,523,1,113.73,0,Recent one-time
98881f68,309,1,278.03,0,Recent one-time
5462ecd9,29,1,90.9,0,Recent one-time
5f2a7dbe,1014,1,83.93,1,Lapsed one-time
925d854e,154,1,104.49,0,Recent one-time
dbaf608e,707,2,199.36,2,Loyal core (repeat buyers)
8523d7c6,586,1,48.93,1,Lapsed one-time
03613dae,852,2,133.05,2,Loyal core (repeat buyers)
f05ddbc8,59,2,68.76,2,Loyal core (repeat buyers)
83f56e34,903,1,55.32,1,Lapsed one-time
50b3b3ee,366,1,48.46,0,Recent one-time
bd476fdb,75,4,247.12,2,Loyal core (repeat buyers)
4eaa2da4,311,1,83.61,0,Recent one-time
79bcc31c,876,1,63.02,1,Lapsed one-time
edfdf038,1039,1,51.17,1,Lapsed one-time
52212188,923,1,54.61,1,Lapsed one-time
fc132d10,614,1,52.54,1,Lapsed one-time
45022cb9,1018,1,62.14,1,Lapsed one-time
45237bf9,87,1,98.22,0,Recent one-time
67fa17a0,605,1,94.16,1,Lapsed one-time
836441e0,577,1,55.12,1,Lapsed one-time
b2ee078f,567,1,54.2,1,Lapsed one-time
ea4dfd06,86,1,87.87,0,Recent one-time
5ef98493,267,1,104.92,0,Recent one-time
608d5350,207,1,49.64,0,Recent one-time
3c34029a,957,1,48.14,1,Lapsed one-time
5ce3a957,604,1,87.32,1,Lapsed one-time
2cf44fe2,55,1,131.68,0,Recent one-time
6c96f451,830,1,46.76,1,Lapsed one-time
6187c506,676,1,77.53,1,Lapsed one-time
3b7f9305,199,1,71.73,0,Recent one-time
e2a9f267,552,1,86.06,0,Recent one-time
1175fcec,1028,1,50.1,1,Lapsed one-time
73ae2bd5,263,1,55.55,0,Recent one-time
f715389c,214,1,66.76,0,Recent one-time
e9a8328c,881,1,45.78,1,Lapsed one-time
33176cd2,636,3,39.59,2,Loyal core (repeat buyers)
d9208add,554,1,54.31,1,Lapsed one-time
e551b767,27,1,53.92,0,Recent one-time
feff9248,226,1,96.36,0,Recent one-time
e9670f7f,573,1,54.05,1,Lapsed one-time
b12867b5,304,1,147.12,0,Recent one-time
02103f43,66,1,53.86,0,Recent one-time
05da6df5,393,1,81.42,0,Recent one-time
a76fd93c,131,1,74.26,0,Recent one-time
71ce41c3,1015,1,51.71,1,Lapsed one-time
98b0d727,407,3,321.91,2,Loyal core (repeat buyers)
9b7c698c,387,1,72.4,0,Recent one-time
0b66da7a,782,1,59.41,1,Lapsed one-time
2c1f7de9,25,1,55.18,0,Recent one-time
4fad3286,584,1,90.28,1,Lapsed one-time
e1b33fe0,788,1,82.78,1,Lapsed one-time
585597a9,33,1,102.16,0,Recent one-time
0eacf79f,750,1,114.71,1,Lapsed one-time
cf0cee54,1072,1,56.51,1,Lapsed one-time
89210f15,240,1,128.35,0,Recent one-time
874dc4f7,247,1,89.46,0,Recent one-time
97d11e35,227,1,37.8,0,Recent one-time
8be81d46,712,1,74.24,1,Lapsed one-time
a60d5ec5,450,1,54.28,0,Recent one-time
336c51c4,306,2,158.44,2,Loyal core (repeat buyers)
b4790afe,180,1,129.4,0,Recent one-time
e3e2d5be,792,1,88.78,1,Lapsed one-time
37c393b2,105,1,32.24,0,Recent one-time
cd008a0c,272,1,55.81,0,Recent one-time
68bd1bec,57,1,67.57,0,Recent one-time
53c75f7f,42,1,33.92,0,Recent one-time
8c9cd880,548,1,53.79,1,Lapsed one-time
c6cbfc94,217,1,90.23,0,Recent one-time
9674ffeb,583,2,175.36,2,Loyal core (repeat buyers)
704ca53d,696,1,34.15,1,Lapsed one-time
dcb76bfe,405,1,55.58,0,Recent one-time
fd7385c3,11,1,76.23,0,Recent one-time
50b8d591,624,1,185.88,0,Recent one-time
180bfac2,814,2,170.32,2,Loyal core (repeat buyers)
bb9f319f,107,1,33.14,0,Recent one-time
b5be9002,171,1,28.59,0,Recent one-time
833564b7,160,1,28.59,0,Recent one-time
13e06868,66,1,67.33,0,Recent one-time
11cefe76,4,1,21.44,0,Recent one-time
5b6c04a7,273,1,94.28,0,Recent one-time
684ac43a,822,1,55.49,1,Lapsed one-time
ced48470,535,1,56.66,1,Lapsed one-time
0edc6202,291,1,56.18,0,Recent one-time
f6998a8e,240,1,34.39,0,Recent one-time
fa9765fb,62,1,84.21,0,Recent one-time
7fdb762a,625,1,59.95,1,Lapsed one-time
32c28c24,195,3,259.46,2,Loyal core (repeat buyers)
8990595b,74,5,743.53,2,Loyal core (repeat buyers)
1bc25755,970,1,53.82,1,Lapsed one-time
ef5d45aa,582,1,34.25,1,Lapsed one-time
853e1b88,1067,1,51.17,1,Lapsed one-time
cf9cc3a3,1036,1,52.25,1,Lapsed one-time
7c6d4548,349,1,103.56,0,Recent one-time
e3fa6c41,108,1,79.65,0,Recent one-time
3c082e2f,630,1,52.83,1,Lapsed one-time
478e057b,218,1,87.99,0,Recent one-time
564ec25b,496,2,77.85,2,Loyal core (repeat buyers)
269b9931,559,1,54.1,1,Lapsed one-time
267516b9,568,1,120.38,0,Recent one-time
c5967024,1046,1,40.69,1,Lapsed one-time
bf3a8f21,780,1,54.58,1,Lapsed one-time
acefb991,795,1,96.5,1,Lapsed one-time
6b475ffb,14,1,118.9,0,Recent one-time
157a8edd,527,1,99.83,0,Recent one-time
a33625cd,874,1,46.73,1,Lapsed one-time
02947bcc,304,1,115.3,0,Recent one-time
9f20ab83,548,1,33.84,1,Lapsed one-time
61f2506f,252,3,264.32,2,Loyal core (repeat buyers)
d4445639,500,1,135.4,0,Recent one-time
e9404e6a,144,1,71.93,0,Recent one-time
9544b7d7,161,1,103.51,0,Recent one-time
8204c417,968,1,42.63,1,Lapsed one-time
c2e74510,3,1,54.77,0,Recent one-time
970b8fdf,856,1,40.48,1,Lapsed one-time
5cf6f618,223,1,316.74,0,Recent one-time
4e21fb81,853,1,39.78,1,Lapsed one-time
e5110e27,616,1,96.67,1,Lapsed one-time
c60986a1,180,1,89.48,0,Recent one-time
18d52fb2,646,1,99.43,1,Lapsed one-time
3c24db38,1056,1,63.59,1,Lapsed one-time
c9e1aaae,145,1,114.86,0,Recent one-time
cc294365,845,2,43.32,1,Lapsed one-time
c0697b9d,1059,1,52.91,1,Lapsed one-time
338bf36f,295,1,57.98,0,Recent one-time
198c6a09,224,1,115.41,0,Recent one-time
24f1fb96,273,1,83.57,0,Recent one-time
93cab9e0,1013,1,126.21,1,Lapsed one-time
d495bd94,244,1,152.74,0,Recent one-time
368873d6,745,1,67.51,1,Lapsed one-time
20d36e9a,197,1,81.59,0,Recent one-time
9d9f86eb,799,1,66.32,1,Lapsed one-time
3ce707d0,932,1,44.08,1,Lapsed one-time
cab93c8e,567,1,86.84,1,Lapsed one-time
b9309901,997,1,50.87,1,Lapsed one-time
f85adbc1,1065,1,38.97,1,Lapsed one-time
813734a1,609,1,98.55,1,Lapsed one-time
46ee68ae,887,1,51.35,1,Lapsed one-time
0ef44a28,56,1,69.31,0,Recent one-time
9c80281f,65,1,86.94,0,Recent one-time
6c8ffe13,791,1,148.89,1,Lapsed one-time
bdd00183,20,1,130.22,0,Recent one-time
fcf1801f,579,1,120.88,0,Recent one-time
531c111a,271,1,80.67,0,Recent one-time
eb096583,687,1,60.78,1,Lapsed one-time
19873105,290,2,193.59,2,Loyal core (repeat buyers)
11034cb6,621,1,55.18,1,Lapsed one-time
52bc262b,101,1,88.26,0,Recent one-time
7cffc4d6,815,1,50.16,1,Lapsed one-time
555ec6a7,267,1,125.97,0,Recent one-time
d5e334c1,459,1,98.6,0,Recent one-time
cd6faf1b,836,1,110.37,1,Lapsed one-time
df5ff900,300,2,82.17,2,Loyal core (repeat buyers)
102bfe74,576,1,55.29,1,Lapsed one-time
2e78683f,198,1,95.5,0,Recent one-time
9320c91b,1047,1,52.67,1,Lapsed one-time
93ab8a31,39,1,99.69,0,Recent one-time
dcb8a698,1043,1,7.58,1,Lapsed one-time
7e7f850d,610,1,33.67,1,Lapsed one-time
d9193e0c,654,1,55.62,1,Lapsed one-time
e4c193d2,1023,1,43.54,1,Lapsed one-time
ecd866e2,922,1,49.08,1,Lapsed one-time
6b3578a2,250,1,82.86,0,Recent one-time
9362db4a,647,1,253.13,0,Recent one-time
feaf1d94,147,1,72.77,0,Recent one-time
39a82930,623,1,99.5,1,Lapsed one-time
26c200bc,557,1,54.74,1,Lapsed one-time
ad014419,257,2,190.17,2,Loyal core (repeat buyers)
65f51c2d,986,1,63.95,1,Lapsed one-time
31ebfd92,363,2,105.08,2,Loyal core (repeat buyers)
e0756e1c,184,1,82.56,0,Recent one-time
4bfb1dd9,484,1,159.83,0,Recent one-time
1ee15206,564,1,55.21,1,Lapsed one-time
dfb5b03f,590,1,55.12,1,Lapsed one-time
4bff50bd,843,1,57.9,1,Lapsed one-time
4f3334b7,421,1,67.09,0,Recent one-time
bdcfb690,1019,1,66.21,1,Lapsed one-time
9ab976c6,220,1,71.18,0,Recent one-time
2b6a3728,638,1,98.68,1,Lapsed one-time
c32019b5,634,1,96.58,1,Lapsed one-time
2e74e91c,227,2,216.81,2,Loyal core (repeat buyers)
1942daf1,249,1,128.15,0,Recent one-time
89964267,58,1,102.45,0,Recent one-time
60507953,871,1,47.02,1,Lapsed one-time
98ebdbef,248,1,120.37,0,Recent one-time
7921de85,395,1,72.24,0,Recent one-time
d501bc67,444,2,127.89,2,Loyal core (repeat buyers)
e45fda8e,281,1,50.42,0,Recent one-time
80ce2e74,829,1,79.73,1,Lapsed one-time
b5ed4457,95,2,102.24,2,Loyal core (repeat buyers)
9bffb592,543,2,173.51,2,Loyal core (repeat buyers)
fb68e4d6,235,1,28.91,0,Recent one-time
da71af99,275,2,104.47,2,Loyal core (repeat buyers)
d989d641,119,1,92.28,0,Recent one-time
af823df3,186,1,116.61,0,Recent one-time
881f31c9,90,1,55.04,0,Recent one-time
67bd40c1,385,1,51.63,0,Recent one-time
5a6b0b2b,21,1,83.24,0,Recent one-time
46442aa9,575,1,54.18,1,Lapsed one-time
de5a00cb,132,2,219.35,2,Loyal core (repeat buyers)
39d3e747,196,1,54.37,0,Recent one-time
1845b9af,897,1,41.2,1,Lapsed one-time
121367f0,438,1,148.89,0,Recent one-time
87d03e18,543,1,87.94,0,Recent one-time
8dda1e43,813,1,82.9,1,Lapsed one-time
770cfb01,552,1,53.83,1,Lapsed one-time
5fedc6c7,1020,1,51.35,1,Lapsed one-time
6d1dfa28,575,3,507.92,2,Loyal core (repeat buyers)
4c19c8b0,542,1,54.99,1,Lapsed one-time
87e9f6da,514,1,79.74,0,Recent one-time
23541710,1044,1,7.72,1,Lapsed one-time
3eb39e9b,1005,1,52.24,1,Lapsed one-time
bd3734df,534,1,53.76,1,Lapsed one-time
21d5faf3,915,1,48.81,1,Lapsed one-time
f17e8543,316,1,151.07,0,Recent one-time
7a35d46d,412,1,77.02,0,Recent one-time
7272b5ce,814,1,99.1,1,Lapsed one-time
7836e9ed,283,1,75.69,0,Recent one-time
5834aaca,591,1,54.13,1,Lapsed one-time
f1c6a4b8,678,1,47.97,1,Lapsed one-time
22350d05,541,1,54.01,1,Lapsed one-time
1c5b4e38,234,1,84.88,0,Recent one-time
bee0a0c5,438,1,142.82,0,Recent one-time
99fb1b22,914,1,43.62,1,Lapsed one-time
4f3968cc,205,1,94.91,0,Recent one-time
fd286d2e,632,1,86.13,1,Lapsed one-time
a0c85e9d,235,2,206.46,2,Loyal core (repeat buyers)
b11a9f71,1014,1,126.21,1,Lapsed one-time
66fe651f,322,1,147.6,0,Recent one-time
88196b69,221,1,29.26,0,Recent one-time
81781eec,205,1,54.05,0,Recent one-time
2bd99af0,563,1,55.18,1,Lapsed one-time
346d00ca,480,1,79.22,0,Recent one-time
10a0a018,189,1,104.12,0,Recent one-time
933160cf,743,1,31.71,1,Lapsed one-time
d7d196ec,563,1,94.29,0,Recent one-time
ddabd26e,47,1,149.95,0,Recent one-time
c0940e40,909,1,202.45,1,Lapsed one-time
9112f67e,36,1,84.69,0,Recent one-time
b207ea5b,206,1,84.22,0,Recent one-time
a96dd2cc,569,1,34.01,1,Lapsed one-time
e77fa975,281,1,197.37,0,Recent one-time
d0f81d88,179,1,52.86,0,Recent one-time
143b29de,160,3,220.55,2,Loyal core (repeat buyers)
cd9de07d,582,1,53.08,1,Lapsed one-time
b248c027,1055,1,150.0,1,Lapsed one-time
d6c863cf,121,1,50.04,0,Recent one-time
88bd481f,254,2,464.41,2,Loyal core (repeat buyers)
b890669f,218,1,127.89,0,Recent one-time
fc942605,137,1,81.73,0,Recent one-time
8551dc92,914,1,38.78,1,Lapsed one-time
f5e5ae82,581,1,52.85,1,Lapsed one-time
28900e1a,232,1,115.03,0,Recent one-time
418e6b9e,848,1,84.79,1,Lapsed one-time
cf113fd5,556,1,34.55,1,Lapsed one-time
158ef3d7,1049,1,7.44,1,Lapsed one-time
5e4d0755,54,1,128.8,0,Recent one-time
b23ba6b3,646,1,31.47,1,Lapsed one-time
883d1791,541,1,140.8,0,Recent one-time
69120a49,365,1,111.67,0,Recent one-time
6ae6a9a2,493,1,90.08,0,Recent one-time
4f91d977,401,1,57.48,0,Recent one-time
d86c1f72,133,1,113.97,0,Recent one-time
6eb0dd48,209,1,128.97,0,Recent one-time
4624d12e,467,1,108.84,0,Recent one-time
efd2aecc,547,1,60.63,1,Lapsed one-time
f483721c,846,2,102.5,2,Loyal core (repeat buyers)
a4fda266,1012,1,50.99,1,Lapsed one-time
807e0208,862,1,50.09,1,Lapsed one-time
c0679c3a,223,1,168.7,0,Recent one-time
4e0a2a24,623,1,148.19,0,Recent one-time
8ad0cdf4,642,1,56.47,1,Lapsed one-time
7d888668,539,1,55.55,1,Lapsed one-time
f2b598e6,149,1,87.33,0,Recent one-time
256b6652,251,1,82.65,0,Recent one-time
1fe623f4,612,1,53.83,1,Lapsed one-time
4d90b5c7,641,1,45.52,1,Lapsed one-time
3a2b232d,559,1,55.5,1,Lapsed one-time
9d78a2ac,387,1,82.56,0,Recent one-time
cbb80052,64,1,82.94,0,Recent one-time
c3378161,132,1,99.38,0,Recent one-time
a38e8b6c,180,1,50.51,0,Recent one-time
e26e6fdd,246,1,51.3,0,Recent one-time
e33ddc95,326,1,89.78,0,Recent one-time
d40ef902,290,1,68.87,0,Recent one-time
4e55fc91,277,1,49.39,0,Recent one-time
c06b462c,676,1,137.98,1,Lapsed one-time
8ac160fc,547,1,53.79,1,Lapsed one-time
fd504aa0,351,1,98.1,0,Recent one-time
ae3bfeb3,536,2,133.98,2,Loyal core (repeat buyers)
db3a634c,0,2,157.42,2,Loyal core (repeat buyers)
b3cfb3ed,141,2,261.71,2,Loyal core (repeat buyers)
fe833d24,196,1,83.48,0,Recent one-time
53bdb8cf,177,1,79.43,0,Recent one-time
aa49d6e1,45,2,150.36,2,Loyal core (repeat buyers)
b5b1fa7a,872,1,47.02,1,Lapsed one-time
2b60d988,745,1,56.08,1,Lapsed one-time
c99a1224,690,1,37.09,1,Lapsed one-time
ac4de7b6,892,1,38.37,1,Lapsed one-time
0572ef2c,531,1,54.53,1,Lapsed one-time
c415c063,27,1,100.68,0,Recent one-time
0768e95f,64,1,94.71,0,Recent one-time
14eeb105,206,1,80.89,0,Recent one-time
48dd2b1f,107,1,140.93,0,Recent one-time
cda137e0,246,1,102.54,0,Recent one-time
244327d7,580,1,50.81,1,Lapsed one-time
9e1569bb,874,1,46.54,1,Lapsed one-time
ec036ada,284,1,61.76,0,Recent one-time
49c1b400,236,1,74.09,0,Recent one-time
50c33341,615,1,154.85,0,Recent one-time
5c079447,1030,1,45.78,1,Lapsed one-time
a5d704db,47,1,170.16,0,Recent one-time
fef64f8a,292,1,104.49,0,Recent one-time
648044a8,838,2,74.95,2,Loyal core (repeat buyers)
3fdf16b2,355,1,97.08,0,Recent one-time
9320d8fa,790,2,149.76,2,Loyal core (repeat buyers)
decaffb8,284,1,84.59,0,Recent one-time
5611137d,448,2,101.25,2,Loyal core (repeat buyers)
f50629ac,18,2,71.19,2,Loyal core (repeat buyers)
6e64b8da,36,1,85.18,0,Recent one-time
72fad613,36,1,116.73,0,Recent one-time
db14a36e,723,1,125.51,1,Lapsed one-time
b126374a,120,1,145.06,0,Recent one-time
8d098b63,226,1,229.76,0,Recent one-time
88ee7971,171,1,90.86,0,Recent one-time
15a9962c,189,4,327.58,2,Loyal core (repeat buyers)
41c58a6a,243,1,39.61,0,Recent one-time
9b904a21,622,1,31.15,1,Lapsed one-time
bc601cba,250,1,47.19,0,Recent one-time
58cd4123,170,1,28.66,0,Recent one-time
a7af4f70,568,1,54.66,1,Lapsed one-time
6d83e4f7,542,1,33.28,1,Lapsed one-time
d78c4374,542,1,54.31,1,Lapsed one-time
7cdb67b7,173,1,118.79,0,Recent one-time
11ac181d,543,1,54.23,1,Lapsed one-time
1d8f62ee,204,1,77.01,0,Recent one-time
1cee9b01,1028,1,108.4,1,Lapsed one-time
88ee9929,98,1,98.78,0,Recent one-time
c14d25a2,603,1,56.09,1,Lapsed one-time
3de66c35,873,1,46.54,1,Lapsed one-time
704f09d2,1031,1,108.07,1,Lapsed one-time
74cfac58,143,1,50.21,0,Recent one-time
2b31996d,1006,1,50.87,1,Lapsed one-time
24dc2a7a,228,1,30.65,0,Recent one-time
dd8b4e99,257,1,51.01,0,Recent one-time
3df8890c,902,1,49.6,1,Lapsed one-time
3e0ef246,1058,1,51.35,1,Lapsed one-time
bf025879,722,1,59.26,1,Lapsed one-time
9f9e1e4f,629,1,99.54,1,Lapsed one-time
56fdee3d,813,1,75.66,1,Lapsed one-time
9fb61dda,223,2,105.12,2,Loyal core (repeat buyers)
03acef2d,352,1,234.87,0,Recent one-time
3a12e62e,310,1,54.14,0,Recent one-time
00556cd7,64,2,287.17,2,Loyal core (repeat buyers)
bdce2678,202,1,31.8,0,Recent one-time
8ee6b428,260,1,84.38,0,Recent one-time
fb267f64,0,2,153.85,2,Loyal core (repeat buyers)
d1e99d3b,931,1,38.37,1,Lapsed one-time
0a4ba200,286,1,100.79,0,Recent one-time
4154b9cc,997,1,97.86,1,Lapsed one-time
acd7cb00,10,1,30.63,0,Recent one-time
8b8f3220,627,1,49.56,1,Lapsed one-time
faa22870,544,1,33.77,1,Lapsed one-time
fb4aecf8,491,1,146.7,0,Recent one-time
afc2e992,339,1,97.15,0,Recent one-time
578cb4d7,1037,1,46.21,1,Lapsed one-time
0400b903,580,1,35.05,1,Lapsed one-time
1789f6eb,655,1,58.84,1,Lapsed one-time
8dcc19a2,1017,1,150.45,1,Lapsed one-time
74a2130d,297,1,53.12,0,Recent one-time
3ef1be23,323,1,92.69,0,Recent one-time
a65d504d,394,1,34.95,1,Lapsed one-time
b7f3f129,441,3,280.62,2,Loyal core (repeat buyers)
c7c58f4d,342,1,120.4,0,Recent one-time
195337dd,1010,1,92.28,1,Lapsed one-time
2cdb9dc0,284,1,88.02,0,Recent one-time
36dd2e39,346,1,66.42,0,Recent one-time
2751d74a,386,1,67.31,0,Recent one-time
988f9964,783,1,60.97,1,Lapsed one-time
04239102,233,1,34.28,0,Recent one-time
16b6bc6a,533,1,54.23,1,Lapsed one-time
3f68e55a,567,1,48.26,1,Lapsed one-time
b0592848,1026,2,53.2,1,Lapsed one-time
29d3ede8,273,1,159.23,0,Recent one-time
2bf786b4,20,1,131.65,0,Recent one-time
6e867914,1042,1,7.56,1,Lapsed one-time
1e4958d9,497,1,79.08,0,Recent one-time
847281d9,258,1,89.98,0,Recent one-time
2c68b1b1,590,1,49.56,1,Lapsed one-time
6ad88690,674,7,535.08,2,Loyal core (repeat buyers)
0f26500d,584,3,119.12,2,Loyal core (repeat buyers)
f8399897,1038,1,64.19,1,Lapsed one-time
759b2a4e,852,2,125.5,2,Loyal core (repeat buyers)
6398de74,1009,1,44.3,1,Lapsed one-time
b7ef3e2f,959,1,48.85,1,Lapsed one-time
b3719e86,922,1,56.18,1,Lapsed one-time
995f03ff,203,1,81.59,0,Recent one-time
fefca313,242,1,82.0,0,Recent one-time
d0585f1f,311,1,55.71,0,Recent one-time
80331c02,150,1,51.26,0,Recent one-time
a5ee767d,263,1,172.05,0,Recent one-time
ae53b988,717,1,54.78,1,Lapsed one-time
18e68458,197,1,75.73,0,Recent one-time
924f0c05,796,1,61.46,1,Lapsed one-time
ac0b2cc6,496,1,105.8,0,Recent one-time
03b5ee5c,70,1,102.05,0,Recent one-time
c5e6cdac,253,1,81.84,0,Recent one-time
19c8e229,368,1,111.7,0,Recent one-time
d77d85ef,83,1,44.14,0,Recent one-time
10206a06,777,1,55.17,1,Lapsed one-time
2f6cb091,598,1,54.5,1,Lapsed one-time
c05b4427,221,1,104.71,0,Recent one-time
eba1d283,467,1,85.86,0,Recent one-time
6f304487,915,1,52.91,1,Lapsed one-time
f83d8702,631,1,151.64,0,Recent one-time
2f9f7101,846,1,28.17,1,Lapsed one-time
de500ad1,631,1,184.64,0,Recent one-time
5ae6083d,190,1,94.91,0,Recent one-time
d50d1068,222,1,33.16,0,Recent one-time
b9030f99,343,1,31.49,1,Lapsed one-time
